rows_y,cols_x,start_gold_blue,start_gold_red,,
11,15,3,3,,
type,team,x,y,str,upgrades
tiles,,,,,
Castle,Red,0,3,0,
Castle,,3,8,0,
Castle,,7,5,0,
Castle,,11,2,0,
Castle,Blue,14,7,0,
Gold,,9,7,0,
Gold,,5,3,0,
Obstacle,,5,1,0,
Obstacle,,6,1,0,
Obstacle,,7,2,0,
Obstacle,,8,2,0,
Obstacle,,9,3,0,
Obstacle,,9,9,0,
Obstacle,,8,9,0,
Obstacle,,7,8,0,
Obstacle,,6,8,0,
Obstacle,,5,7,0,
units,,,,,
Scout,Blue,14,1,0,none
Scout,Blue,14,9,0,none
Army,Blue,14,6,5,none
Army,Blue,14,4,3,none
Scout,Red,0,9,0,none
Scout,Red,0,1,0,none
Army,Red,0,4,5,none
Army,Red,0,6,3,none
