rows_y,cols_x,start_gold_blue,start_gold_red,,
8,10,10,10,,
type,team,x,y,str,upgrades
tiles,,,,,
Castle,Red,0,3,1,
Castle,Blue,9,4,1,
Obstacle,,0,0,0,
Obstacle,,0,1,0,
Obstacle,,1,0,0,
Obstacle,,0,7,0,
Obstacle,,0,6,0,
Obstacle,,1,7,0,
Obstacle,,9,0,0,
Obstacle,,9,1,0,
Obstacle,,8,0,0,
Obstacle,,9,7,0,
Obstacle,,9,6,0,
Obstacle,,4,3,0,
Obstacle,,4,4,0,
Obstacle,,5,4,0,
Obstacle,,5,3,0,
Obstacle,,8,7,0,
Gold,Blue,8,1,0,
Gold,Red,1,6,0,
units,,,,,
Scout,Blue,9,3,0,none
Army,Blue,9,5,6,none
Army,Blue,9,2,4,none
Scout,Red,0,4,0,none
Army,Red,0,2,6,none
Army,Red,0,5,4,none
