rows_y,cols_x,start_gold_blue,start_gold_red,,
11,11,3,3,,
type,team,x,y,str,upgrades
tiles,,,,,
Castle,Red,0,5,0,
Castle,,4,0,0,
Castle,,5,5,0,
Castle,,6,10,0,
Castle,Blue,10,5,0,
Gold,,6,0,0,
Gold,,4,10,0,
Obstacle,,5,0,0,
Obstacle,,5,1,0,
Obstacle,,5,3,0,
Obstacle,,5,4,0,
Obstacle,,5,6,0,
Obstacle,,5,7,0,
Obstacle,,5,9,0,
Obstacle,,5,10,0,
units,,,,,
Scout,Blue,10,1,0,none
Scout,Blue,10,9,0,none
Army,Blue,10,6,5,none
Army,Blue,10,4,3,none
Scout,Red,0,9,0,none
Scout,Red,0,1,0,none
Army,Red,0,4,5,none
Army,Red,0,6,3,none
