rows_y,cols_x,start_gold_blue,start_gold_red
11,11,3,1
type,team,x,y,strength,upgrades
tile
Castle,Red,4,0,0
Obstacle,,5,0,0
Gold,Blue,6,0,2
Obstacle,,5,1,0
Obstacle,,5,3,0
Obstacle,,5,4,0
Castle,Red,0,5,0
Castle,Red,5,5,2
Castle,Blue,10,5,4
Obstacle,,5,6,0
Obstacle,,5,7,0
Obstacle,,5,9,0
Gold,Blue,4,10,2
Obstacle,,5,10,0
Castle,Blue,6,10,0
units,,,,,
Scout,Blue,4,5,1,none
Scout,Red,0,9,1,none
Army,Red,5,5,8,defense
Army,Blue,10,5,4,defense
Army,Red,2,5,3,none
Army,Red,7,0,6,attack
